ORF,Standard name,Length (codons),Number of assigned Ssb sites
YAL003W,EFB1,206,2
YAL005C,SSA1,642,2
YAL012W,CYS3,394,4
YAL013W,DEP1,405,1
YAL014C,SYN8,255,1
YAL016W,TPD3,635,1
YAL017W,PSK1,1356,1
YAL019W,FUN30,1131,1
YAL021C,CCR4,837,2
YAL023C,PMT2,759,3
YAL029C,MYO4,1471,1
YAL035W,FUN12,1002,3
YAL038W,CDC19,500,5
YAL039C,CYC3,269,1
YAL044C,GCV3,170,2
YAR002W,NUP60,539,3
YAR007C,RFA1,621,1
YAR015W,ADE1,306,3
YAR042W,SWH1,1188,1
YBL002W,HTB2,131,1
YBL003C,HTA2,132,1
YBL007C,SLA1,1244,2
YBL016W,FUS3,353,2
YBL024W,NCL1,684,1
YBL027W,RPL19B,189,1
YBL030C,PET9,318,2
YBL032W,HEK2,381,2
YBL046W,PSY4,441,1
YBL047C,EDE1,1381,4
YBL057C,PTH2,208,1
YBL064C,PRX1,261,2
YBL076C,ILS1,1072,5
YBL079W,NUP170,1502,2
YBL091C,MAP2,421,1
YBL099W,ATP1,545,3
YBR010W,HHT1,136,1
YBR011C,IPP1,287,1
YBR025C,OLA1,394,3
YBR031W,RPL4A,362,1
YBR034C,HMT1,348,1
YBR038W,CHS2,963,2
YBR039W,ATP3,311,2
YBR048W,RPS11B,156,2
YBR067C,TIP1,210,3
YBR069C,TAT1,619,2
YBR073W,RDH54,958,1
YBR078W,ECM33,429,3
YBR079C,RPG1,964,3
YBR088C,POL30,258,2
YBR094W,PBY1,753,1
YBR106W,PHO88,188,1
YBR111C,YSA1,231,1
YBR112C,CYC8,966,2
YBR115C,LYS2,1392,2
YBR130C,SHE3,425,1
YBR137W,,179,1
YBR162C,TOS1,455,3
YBR169C,SSE2,693,2
YBR173C,UMP1,148,1
YBR191W,RPL21A,160,2
YBR196C,PGI1,554,6
YBR202W,MCM7,845,1
YBR205W,KTR3,404,1
YBR212W,NGR1,672,1
YBR218C,PYC2,1180,7
YBR221C,PDB1,366,2
YBR222C,PCS60,543,1
YBR238C,,731,1
YBR248C,HIS7,552,1
YBR249C,ARO4,370,1
YBR251W,MRPS5,307,1
YBR261C,TAE1,232,1
YBR263W,SHM1,490,2
YBR265W,TSC10,320,1
YBR283C,SSH1,490,1
YBR286W,APE3,537,2
YCL005W-A,VMA9,73,1
YCL009C,ILV6,309,5
YCL011C,GBP2,427,1
YCL017C,NFS1,497,1
YCL024W,KCC4,1037,1
YCL028W,RNQ1,405,1
YCL030C,HIS4,799,3
YCL033C,MXR2,168,1
YCL037C,SRO9,434,3
YCL040W,GLK1,500,2
YCL043C,PDI1,522,3
YCL044C,MGR1,417,1
YCL050C,APA1,321,2
YCL054W,SPB1,841,1
YCR002C,CDC10,322,1
YCR004C,YCP4,247,1
YCR012W,PGK1,416,5
YCR034W,ELO2,347,1
YCR043C,,127,1
YCR051W,,222,1
YCR053W,THR4,514,2
YCR057C,PWP2,923,2
YCR065W,HCM1,564,2
YCR073W-A,SOL2,315,1
YCR077C,PAT1,796,1
YCR084C,TUP1,713,5
YCR086W,CSM1,190,1
YCR088W,ABP1,592,5
YCR093W,CDC39,2108,1
YDL019C,OSH2,1283,1
YDL022W,GPD1,391,2
YDL029W,ARP2,391,1
YDL042C,SIR2,562,1
YDL052C,SLC1,303,1
YDL055C,PSA1,361,3
YDL058W,USO1,1790,1
YDL064W,UBC9,157,1
YDL066W,IDP1,428,3
YDL082W,RPL13A,199,2
YDL084W,SUB2,446,2
YDL086W,,273,1
YDL088C,ASM4,528,1
YDL095W,PMT1,817,2
YDL097C,RPN6,434,1
YDL103C,QRI1,477,1
YDL112W,TRM3,1436,1
YDL124W,,312,2
YDL126C,CDC48,835,5
YDL127W,PCL2,308,1
YDL131W,LYS21,440,1
YDL140C,RPO21,1733,9
YDL141W,BPL1,690,1
YDL145C,COP1,1201,4
YDL160C,DHH1,506,1
YDL164C,CDC9,755,1
YDL171C,GLT1,2145,5
YDL173W,PAR32,295,1
YDL185W,VMA1,1071,7
YDL195W,SEC31,1273,4
YDL198C,GGC1,300,2
YDL201W,TRM8,286,1
YDL205C,HEM3,327,1
YDL227C,HO,586,1
YDR025W,RPS11A,156,2
YDR028C,REG1,1014,1
YDR033W,MRH1,320,2
YDR037W,KRS1,591,3
YDR044W,HEM13,328,1
YDR054C,CDC34,295,2
YDR055W,PST1,444,1
YDR064W,RPS13,151,2
YDR074W,TPS2,896,1
YDR077W,SED1,338,3
YDR099W,BMH2,273,2
YDR101C,ARX1,593,1
YDR103W,STE5,917,2
YDR117C,TMA64,565,1
YDR120C,TRM1,570,1
YDR127W,ARO1,1588,3
YDR143C,SAN1,610,1
YDR144C,MKC7,596,1
YDR146C,SWI5,709,1
YDR148C,KGD2,463,2
YDR155C,CPR1,162,4
YDR158W,HOM2,365,1
YDR165W,TRM82,444,2
YDR169C,STB3,513,1
YDR170C,SEC7,2009,2
YDR171W,HSP42,375,1
YDR172W,SUP35,685,3
YDR174W,HMO1,246,2
YDR177W,UBC1,215,1
YDR178W,SDH4,181,2
YDR188W,CCT6,546,2
YDR189W,SLY1,666,2
YDR190C,RVB1,463,1
YDR195W,REF2,533,1
YDR214W,AHA1,350,2
YDR225W,HTA1,132,1
YDR226W,ADK1,222,2
YDR228C,PCF11,626,1
YDR233C,RTN1,295,1
YDR234W,LYS4,693,1
YDR238C,SEC26,973,1
YDR251W,PAM1,830,1
YDR266C,HEL2,639,2
YDR272W,GLO2,274,1
YDR293C,SSD1,1250,4
YDR300C,PRO1,428,2
YDR309C,GIC2,383,4
YDR321W,ASP1,381,1
YDR328C,SKP1,194,1
YDR341C,,607,3
YDR354W,TRP4,380,1
YDR381W,YRA1,226,2
YDR382W,RPP2B,110,1
YDR388W,RVS167,482,3
YDR390C,UBA2,636,1
YDR394W,RPT3,428,2
YDR395W,SXM1,944,1
YDR408C,ADE8,214,1
YDR418W,RPL12B,165,2
YDR429C,TIF35,274,1
YDR450W,RPS18A,146,1
YDR454C,GUK1,187,1
YDR457W,TOM1,3268,3
YDR462W,MRPL28,147,1
YDR463W,STP1,519,2
YDR471W,RPL27B,136,1
YDR477W,SNF1,633,2
YDR481C,PHO8,566,1
YDR485C,VPS72,795,1
YDR487C,RIB3,208,2
YDR490C,PKH1,766,1
YDR492W,IZH1,316,1
YDR507C,GIN4,1142,2
YDR508C,GNP1,663,2
YDR510W,SMT3,101,1
YDR513W,GRX2,143,1
YDR516C,EMI2,500,1
YDR517W,GRH1,372,1
YDR539W,FDC1,503,1
YEL007W,MIT1,666,3
YEL027W,VMA3,160,1
YEL031W,SPF1,1215,2
YEL032W,MCM3,971,1
YEL040W,UTR2,467,4
YEL042W,GDA1,518,1
YEL046C,GLY1,387,4
YEL052W,AFG1,509,1
YEL054C,RPL12A,165,2
YEL058W,PCM1,557,2
YEL060C,PRB1,635,1
YEL071W,DLD3,496,1
YER001W,MNN1,762,1
YER003C,PMI40,429,2
YER011W,TIR1,254,2
YER019W,ISC1,477,2
YER023W,PRO3,286,2
YER025W,GCD11,527,5
YER036C,ARB1,610,3
YER040W,GLN3,730,1
YER043C,SAH1,449,1
YER052C,HOM3,527,2
YER059W,PCL6,420,1
YER062C,GPP2,250,1
YER063W,THO1,218,1
YER070W,RNR1,888,4
YER073W,ALD5,520,3
YER074W,RPS24A,135,2
YER080W,AIM9,627,1
YER086W,ILV1,576,3
YER089C,PTC2,464,1
YER090W,TRP2,507,3
YER091C,MET6,767,3
YER094C,PUP3,205,2
YER100W,UBC6,250,1
YER105C,NUP157,1391,1
YER107C,GLE2,365,1
YER110C,KAP123,1113,3
YER112W,LSM4,187,1
YER124C,DSE1,573,1
YER126C,NSA2,261,1
YER136W,GDI1,451,1
YER148W,SPT15,240,1
YER151C,UBP3,912,2
YER152C,,443,1
YER154W,OXA1,402,2
YER155C,BEM2,2167,2
YER164W,CHD1,1468,2
YER165W,PAB1,577,1
YER178W,PDA1,420,5
YFL004W,VTC2,828,3
YFL005W,SEC4,215,1
YFL009W,CDC4,779,1
YFL010C,WWM1,211,1
YFL022C,FRS2,503,3
YFL023W,BUD27,796,1
YFL026W,STE2,431,1
YFL037W,TUB2,457,1
YFL038C,YPT1,206,3
YFL039C,ACT1,375,3
YFL045C,SEC53,254,1
YFR021W,ATG18,500,1
YFR028C,CDC14,551,1
YFR031C-A,RPL2A,254,1
YFR037C,RSC8,557,1
YFR044C,DUG1,481,3
YFR051C,RET2,546,2
YFR053C,HXK1,485,1
YGL008C,PMA1,918,6
YGL009C,LEU1,779,5
YGL014W,PUF4,888,4
YGL026C,TRP5,707,3
YGL028C,SCW11,542,2
YGL030W,RPL30,105,2
YGL031C,RPL24A,155,2
YGL035C,MIG1,504,1
YGL037C,PNC1,216,1
YGL039W,,348,1
YGL056C,SDS23,527,1
YGL058W,RAD6,172,1
YGL062W,PYC1,1178,2
YGL065C,ALG2,503,1
YGL066W,SGF73,657,1
YGL067W,NPY1,384,1
YGL068W,MNP1,194,1
YGL076C,RPL7A,244,2
YGL078C,DBP3,523,1
YGL092W,NUP145,1317,2
YGL099W,LSG1,640,2
YGL105W,ARC1,376,3
YGL120C,PRP43,767,4
YGL123W,RPS2,254,3
YGL130W,CEG1,459,1
YGL137W,SEC27,889,5
YGL148W,ARO2,376,3
YGL167C,PMR1,950,1
YGL173C,XRN1,1528,4
YGL178W,MPT5,859,1
YGL189C,RPS26A,119,2
YGL191W,COX13,129,1
YGL195W,GCN1,2672,3
YGL202W,ARO8,500,4
YGL206C,CHC1,1653,2
YGL207W,SPT16,1035,3
YGL210W,YPT32,222,1
YGL213C,SKI8,397,1
YGL222C,EDC1,175,1
YGL234W,ADE5,802,5
YGL238W,CSE1,960,1
YGL245W,GUS1,708,4
YGL253W,HXK2,486,4
YGR002C,SWC4,476,1
YGR012W,,393,1
YGR014W,MSB2,1306,2
YGR019W,UGA1,471,2
YGR020C,VMA7,118,1
YGR033C,TIM21,239,1
YGR034W,RPL26B,127,1
YGR036C,CAX4,239,1
YGR049W,SCM4,187,1
YGR054W,,642,6
YGR061C,ADE6,1358,2
YGR079W,,370,1
YGR080W,TWF1,332,1
YGR082W,TOM20,183,1
YGR083C,GCD2,651,3
YGR084C,MRP13,339,1
YGR085C,RPL11B,174,1
YGR086C,PIL1,339,1
YGR090W,UTP22,1237,1
YGR094W,VAS1,1104,5
YGR106C,VOA1,265,1
YGR116W,SPT6,1451,2
YGR124W,ASN2,572,3
YGR130C,,816,1
YGR148C,RPL24B,155,3
YGR155W,CYS4,507,2
YGR159C,NSR1,414,1
YGR162W,TIF4631,952,3
YGR167W,CLC1,233,1
YGR175C,ERG1,496,4
YGR178C,PBP1,722,3
YGR186W,TFG1,735,1
YGR191W,HIP1,603,2
YGR192C,TDH3,332,4
YGR200C,ELP2,788,3
YGR204W,ADE3,946,9
YGR207C,CIR1,261,1
YGR214W,RPS0A,252,3
YGR229C,SMI1,505,1
YGR234W,YHB1,399,3
YGR235C,MIC26,233,1
YGR240C,PFK1,987,7
YGR244C,LSC2,427,3
YGR254W,ENO1,437,3
YGR264C,MES1,751,3
YGR266W,,701,1
YGR276C,RNH70,553,1
YGR277C,CAB4,305,1
YGR279C,SCW4,386,3
YGR282C,BGL2,313,3
YGR284C,ERV29,310,1
YGR285C,ZUO1,433,5
YHL001W,RPL14B,138,1
YHL004W,MRP4,394,1
YHL013C,OTU2,307,1
YHL015W,RPS20,121,1
YHL027W,RIM101,625,1
YHL030W,ECM29,1868,1
YHL031C,GOS1,223,1
YHL033C,RPL8A,256,2
YHL034C,SBP1,294,2
YHR003C,TCD1,429,1
YHR005C,GPA1,472,1
YHR007C,ERG11,530,2
YHR008C,SOD2,233,2
YHR009C,TDA3,523,1
YHR010W,RPL27A,136,1
YHR013C,ARD1,238,2
YHR016C,YSC84,468,1
YHR018C,ARG4,463,1
YHR019C,DED81,554,5
YHR020W,,688,3
YHR025W,THR1,357,5
YHR027C,RPN1,993,2
YHR031C,RRM3,723,1
YHR037W,PUT2,575,1
YHR039C,MSC7,644,1
YHR041C,SRB2,210,1
YHR042W,NCP1,691,6
YHR051W,COX6,148,1
YHR052W,CIC1,376,1
YHR057C,CPR2,205,1
YHR062C,RPP1,293,2
YHR063C,PAN5,379,1
YHR064C,SSZ1,538,3
YHR068W,DYS1,387,1
YHR070W,TRM5,499,2
YHR072W,ERG7,731,1
YHR074W,QNS1,714,1
YHR082C,KSP1,1029,1
YHR083W,SAM35,329,1
YHR094C,HXT1,570,2
YHR098C,SFB3,929,3
YHR102W,KIC1,1080,1
YHR103W,SBE22,852,1
YHR104W,GRE3,327,1
YHR107C,CDC12,407,1
YHR108W,GGA2,585,2
YHR111W,UBA4,440,1
YHR113W,APE4,490,1
YHR115C,DMA1,416,1
YHR123W,EPT1,391,1
YHR128W,FUR1,216,1
YHR136C,SPL2,148,1
YHR137W,ARO9,513,2
YHR143W,DSE2,325,2
YHR146W,CRP1,465,1
YHR154W,RTT107,1070,1
YHR158C,KEL1,1164,1
YHR162W,MPC2,129,2
YHR165C,PRP8,2413,1
YHR169W,DBP8,431,1
YHR170W,NMD3,518,2
YHR174W,ENO2,437,3
YHR179W,OYE2,400,3
YHR183W,GND1,489,2
YHR188C,GPI16,610,2
YHR193C,EGD2,174,1
YHR200W,RPN10,268,1
YHR205W,SCH9,824,2
YHR206W,SKN7,622,1
YHR208W,BAT1,393,3
YHR216W,IMD2,523,1
YIL016W,SNL1,159,1
YIL018W,RPL2B,254,3
YIL021W,RPB3,318,1
YIL022W,TIM44,431,2
YIL033C,BCY1,416,1
YIL036W,CST6,587,1
YIL038C,NOT3,836,1
YIL041W,GVP36,326,1
YIL043C,CBR1,284,1
YIL044C,AGE2,298,1
YIL051C,MMF1,145,1
YIL052C,RPL34B,121,1
YIL053W,GPP1,250,2
YIL062C,ARC15,154,1
YIL069C,RPS24B,135,1
YIL074C,SER33,469,1
YIL075C,RPN2,945,1
YIL076W,SEC28,296,1
YIL078W,THS1,734,2
YIL083C,CAB2,365,1
YIL088C,AVT7,490,1
YIL094C,LYS12,371,1
YIL096C,BMT5,336,1
YIL108W,,696,3
YIL109C,SEC24,926,4
YIL114C,POR2,281,1
YIL115C,NUP159,1460,1
YIL116W,HIS5,385,1
YIL123W,SIM1,476,3
YIL124W,AYR1,297,1
YIL125W,KGD1,1014,1
YIL126W,STH1,1359,1
YIL130W,ASG1,964,1
YIL131C,FKH1,484,1
YIL133C,RPL16A,199,2
YIL135C,VHS2,436,1
YIL137C,TMA108,946,1
YIL143C,SSL2,843,1
YIL145C,PAN6,309,1
YIL148W,RPL40A,128,1
YIL154C,IMP2',346,1
YIL157C,COA1,197,1
YIR006C,PAN1,1480,5
YIR034C,LYS1,373,1
YIR036C,IRC24,263,1
YIR037W,HYR1,163,1
YJL001W,PRE3,215,1
YJL008C,CCT8,568,2
YJL010C,NOP9,666,1
YJL012C,VTC4,721,2
YJL014W,CCT3,534,1
YJL020C,BBC1,1157,4
YJL026W,RNR2,399,3
YJL034W,KAR2,682,3
YJL042W,MHP1,1398,2
YJL052W,TDH1,332,1
YJL053W,PEP8,379,1
YJL061W,NUP82,713,1
YJL062W-A,COA3,85,1
YJL068C,,299,2
YJL069C,UTP18,594,1
YJL076W,NET1,1189,2
YJL078C,PRY3,881,3
YJL079C,PRY1,299,3
YJL080C,SCP160,1222,6
YJL098W,SAP185,1058,1
YJL109C,UTP10,1769,1
YJL111W,CCT7,550,2
YJL121C,RPE1,238,1
YJL122W,ALB1,175,1
YJL128C,PBS2,668,2
YJL130C,URA2,2214,8
YJL143W,TIM17,158,2
YJL145W,SFH5,294,1
YJL157C,FAR1,830,6
YJL158C,CIS3,227,3
YJL159W,HSP150,413,6
YJL165C,HAL5,855,1
YJL167W,ERG20,352,2
YJL171C,,396,1
YJL176C,SWI3,825,1
YJL177W,RPL17B,184,2
YJL183W,MNN11,422,1
YJL190C,RPS22A,130,1
YJL191W,RPS14B,138,1
YJL196C,ELO1,310,1
YJL198W,PHO90,881,1
YJL200C,ACO2,789,1
YJR001W,AVT1,602,1
YJR002W,MPP10,593,1
YJR007W,SUI2,304,2
YJR009C,TDH2,332,2
YJR015W,,510,1
YJR016C,ILV3,585,6
YJR017C,ESS1,170,1
YJR019C,TES1,349,1
YJR032W,CPR7,393,1
YJR045C,SSC1,654,4
YJR059W,PTK2,818,1
YJR064W,CCT5,562,1
YJR065C,ARP3,449,2
YJR068W,RFC2,353,1
YJR070C,LIA1,325,3
YJR072C,NPA3,385,2
YJR076C,CDC11,415,1
YJR077C,MIR1,311,1
YJR083C,ACF4,309,1
YJR091C,JSN1,1091,2
YJR092W,BUD4,1447,1
YJR094W-A,RPL43B,92,1
YJR104C,SOD1,154,1
YJR105W,ADO1,340,4
YJR109C,CPA2,1118,1
YJR121W,ATP2,511,6
YJR123W,RPS5,225,1
YJR125C,ENT3,408,1
YJR132W,NMD5,1048,1
YJR139C,HOM6,359,1
YJR143C,PMT4,762,1
YJR145C,RPS4A,261,1
YJR148W,BAT2,376,1
YKL003C,MRP17,131,1
YKL006W,RPL14A,138,1
YKL007W,CAP1,268,1
YKL008C,LAC1,418,1
YKL013C,ARC19,171,1
YKL029C,MAE1,669,6
YKL032C,IXR1,597,2
YKL033W-A,,236,1
YKL035W,UGP1,499,3
YKL042W,SPC42,363,1
YKL043W,PHD1,366,2
YKL054C,DEF1,738,3
YKL056C,TMA19,167,1
YKL057C,NUP120,1037,1
YKL060C,FBA1,359,2
YKL067W,YNK1,153,1
YKL068W,NUP100,959,1
YKL077W,,392,1
YKL080W,VMA5,392,2
YKL081W,TEF4,412,5
YKL085W,MDH1,334,2
YKL096W,CWP1,239,2
YKL096W-A,CWP2,92,1
YKL101W,HSL1,1518,1
YKL103C,APE1,514,1
YKL104C,GFA1,717,2
YKL117W,SBA1,216,1
YKL120W,OAC1,324,1
YKL127W,PGM1,570,1
YKL135C,APL2,726,1
YKL142W,MRP8,219,1
YKL148C,SDH1,640,1
YKL150W,MCR1,302,1
YKL152C,GPM1,247,2
YKL157W,APE2,952,3
YKL164C,PIR1,341,4
YKL166C,TPK3,398,1
YKL180W,RPL17A,184,2
YKL181W,PRS1,427,2
YKL182W,FAS1,2051,10
YKL184W,SPE1,466,2
YKL185W,ASH1,588,3
YKL186C,MTR2,184,1
YKL191W,DPH2,534,2
YKL192C,ACP1,125,1
YKL193C,SDS22,338,1
YKL204W,EAP1,632,3
YKL205W,LOS1,1100,1
YKL210W,UBA1,1024,3
YKL211C,TRP3,484,1
YKL212W,SAC1,623,1
YKL214C,YRA2,203,1
YKL216W,URA1,314,2
YKR001C,VPS1,704,1
YKR013W,PRY2,329,2
YKR018C,,725,1
YKR024C,DBP7,742,1
YKR025W,RPC37,282,1
YKR026C,GCN3,305,1
YKR028W,SAP190,1033,1
YKR038C,KAE1,386,1
YKR042W,UTH1,365,1
YKR043C,SHB17,271,1
YKR045C,,183,1
YKR048C,NAP1,417,1
YKR062W,TFA2,328,1
YKR065C,PAM17,197,1
YKR066C,CCP1,361,4
YKR072C,SIS2,562,2
YKR080W,MTD1,320,1
YKR084C,HBS1,611,1
YKR093W,PTR2,601,2
YKR094C,RPL40B,128,1
YLL011W,SOF1,489,1
YLL013C,PUF3,879,1
YLL018C,DPS1,557,3
YLL021W,SPA2,1466,2
YLL022C,HIF1,385,1
YLL024C,SSA2,639,2
YLL026W,HSP104,908,3
YLL040C,VPS13,3144,2
YLL045C,RPL8B,256,3
YLL048C,YBT1,1661,1
YLL050C,COF1,143,1
YLL058W,,575,1
YLR002C,NOC3,663,1
YLR017W,MEU1,337,1
YLR023C,IZH3,543,1
YLR027C,AAT2,418,5
YLR028C,ADE16,591,3
YLR029C,RPL15A,204,1
YLR033W,RSC58,502,1
YLR040C,,224,1
YLR043C,TRX1,103,1
YLR044C,PDC1,563,6
YLR048W,RPS0B,252,2
YLR056W,ERG3,365,1
YLR058C,SHM2,469,4
YLR060W,FRS1,595,3
YLR072W,LAM6,693,1
YLR075W,RPL10,221,2
YLR079W,SIC1,284,1
YLR094C,GIS3,502,1
YLR106C,MDN1,4910,2
YLR109W,AHP1,176,3
YLR110C,CCW12,133,2
YLR113W,HOG1,435,1
YLR116W,MSL5,476,1
YLR120C,YPS1,569,1
YLR129W,DIP2,943,1
YLR133W,CKI1,582,1
YLR150W,STM1,273,2
YLR153C,ACS2,683,6
YLR163C,MAS1,462,1
YLR167W,RPS31,152,1
YLR168C,UPS2,230,1
YLR172C,DPH5,300,4
YLR175W,CBF5,483,1
YLR179C,,201,2
YLR180W,SAM1,382,2
YLR183C,TOS4,489,1
YLR185W,RPL37A,88,1
YLR187W,SKG3,1026,1
YLR192C,HCR1,265,4
YLR194C,,254,1
YLR197W,NOP56,504,2
YLR201C,COQ9,260,1
YLR203C,MSS51,436,2
YLR206W,ENT2,613,1
YLR208W,SEC13,297,1
YLR209C,PNP1,311,1
YLR214W,FRE1,686,1
YLR216C,CPR6,371,1
YLR223C,IFH1,1085,1
YLR229C,CDC42,191,1
YLR231C,BNA5,453,1
YLR244C,MAP1,387,2
YLR248W,RCK2,610,1
YLR249W,YEF3,1044,7
YLR256W,HAP1,1502,2
YLR259C,HSP60,572,4
YLR268W,SEC22,214,1
YLR270W,DCS1,350,1
YLR285W,NNT1,261,1
YLR286C,CTS1,562,2
YLR287C-A,RPS30A,63,1
YLR291C,GCD7,381,1
YLR293C,GSP1,219,1
YLR295C,ATP14,124,1
YLR300W,EXG1,448,2
YLR301W,HRI1,244,1
YLR304C,ACO1,778,4
YLR314C,CDC3,520,2
YLR319C,BUD6,788,1
YLR325C,RPL38,78,1
YLR335W,NUP2,720,4
YLR337C,VRP1,817,2
YLR340W,RPP0,312,3
YLR342W,FKS1,1876,6
YLR344W,RPL26A,127,1
YLR347C,KAP95,861,2
YLR348C,DIC1,298,1
YLR350W,ORM2,216,1
YLR354C,TAL1,335,2
YLR355C,ILV5,395,4
YLR356W,ATG33,197,1
YLR359W,ADE13,482,2
YLR367W,RPS22B,130,1
YLR373C,VID22,901,1
YLR378C,SEC61,480,3
YLR380W,CSR1,408,3
YLR384C,IKI3,1349,2
YLR390W-A,CCW14,238,3
YLR399C,BDF1,686,1
YLR406C,RPL31B,113,1
YLR410W,VIP1,1146,1
YLR413W,,675,1
YLR420W,URA4,364,1
YLR429W,CRN1,651,1
YLR432W,IMD3,523,4
YLR437C,DIF1,133,1
YLR438W,CAR2,424,4
YLR439W,MRPL4,319,2
YLR441C,RPS1A,255,2
YLR447C,VMA6,345,1
YLR448W,RPL6B,176,1
YLR450W,HMG2,1045,1
YLR452C,SST2,698,1
YML001W,YPT7,208,1
YML004C,GLO1,326,1
YML008C,ERG6,383,2
YML010W,SPT5,1063,1
YML012W,ERV25,211,1
YML014W,TRM9,279,1
YML021C,UNG1,359,1
YML024W,RPS17A,136,1
YML025C,YML6,286,1
YML026C,RPS18B,146,1
YML028W,TSA1,196,2
YML035C,AMD1,810,2
YML048W,GSF2,403,3
YML055W,SPC2,178,1
YML056C,IMD4,524,1
YML057W,CMP2,604,1
YML058W,SML1,104,1
YML063W,RPS1B,255,3
YML069W,POB3,552,1
YML070W,DAK1,584,1
YML072C,TCB3,1545,1
YML074C,FPR3,411,1
YML078W,CPR3,182,1
YML085C,TUB1,447,1
YML086C,ALO1,526,1
YML092C,PRE8,250,2
YML097C,VPS9,451,1
YML100W,TSL1,1098,2
YML105C,SEC65,273,1
YML106W,URA5,226,2
YML123C,PHO84,587,2
YML124C,TUB3,445,1
YML125C,PGA3,312,1
YML126C,ERG13,491,3
YMR001C,CDC5,705,1
YMR005W,TAF4,388,1
YMR008C,PLB1,664,1
YMR012W,CLU1,1277,6
YMR027W,,470,1
YMR038C,CCS1,249,1
YMR043W,MCM1,286,1
YMR049C,ERB1,807,2
YMR058W,FET3,636,1
YMR062C,ARG7,441,1
YMR067C,UBX4,416,1
YMR072W,ABF2,183,2
YMR079W,SEC14,304,2
YMR080C,NAM7,971,1
YMR083W,ADH3,375,2
YMR089C,YTA12,825,1
YMR092C,AIP1,615,1
YMR093W,UTP15,513,1
YMR099C,,297,2
YMR108W,ILV2,687,4
YMR109W,MYO5,1219,5
YMR116C,ASC1,319,4
YMR120C,ADE17,592,4
YMR125W,STO1,861,1
YMR128W,ECM16,1267,1
YMR131C,RRB1,511,1
YMR136W,GAT2,560,1
YMR142C,RPL13B,199,2
YMR143W,RPS16A,143,1
YMR145C,NDE1,560,4
YMR146C,TIF34,347,3
YMR147W,,223,1
YMR152W,YIM1,365,2
YMR165C,PAH1,862,1
YMR184W,ADD37,198,1
YMR186W,HSC82,705,3
YMR189W,GCV2,1034,2
YMR194W,RPL36A,100,1
YMR195W,ICY1,127,1
YMR205C,PFK2,959,6
YMR208W,ERG12,443,1
YMR210W,,449,1
YMR215W,GAS3,524,1
YMR217W,GUA1,525,1
YMR226C,,267,1
YMR229C,RRP5,1729,3
YMR230W,RPS10B,105,1
YMR235C,RNA1,407,1
YMR236W,TAF9,157,1
YMR237W,BCH1,724,2
YMR241W,YHM2,314,1
YMR242C,RPL20A,172,1
YMR246W,FAA4,694,1
YMR262W,,313,1
YMR276W,DSK2,373,1
YMR277W,FCP1,732,1
YMR295C,,197,1
YMR296C,LCB1,558,3
YMR297W,PRC1,532,1
YMR298W,LIP1,150,1
YMR300C,ADE4,510,2
YMR301C,ATM1,690,1
YMR302C,YME2,850,1
YMR305C,SCW10,389,2
YMR307W,GAS1,559,2
YMR308C,PSE1,1089,1
YMR310C,,317,1
YMR315W,,349,2
YMR318C,ADH6,360,3
YNL007C,SIS1,352,1
YNL010W,,241,1
YNL016W,PUB1,453,1
YNL031C,,136,1
YNL035C,,389,1
YNL037C,IDH1,360,1
YNL045W,LAP2,671,2
YNL049C,SFB2,876,2
YNL055C,POR1,283,3
YNL058C,,316,1
YNL061W,NOP2,618,1
YNL062C,GCD10,478,1
YNL064C,YDJ1,409,2
YNL066W,SUN4,420,2
YNL067W,RPL9B,191,1
YNL069C,RPL16B,198,2
YNL070W,TOM7,60,1
YNL071W,LAT1,482,4
YNL072W,RNH201,307,1
YNL074C,MLF3,452,1
YNL075W,IMP4,290,1
YNL079C,TPM1,199,1
YNL081C,SWS2,143,1
YNL085W,MKT1,830,3
YNL088W,TOP2,1428,1
YNL096C,RPS7B,190,2
YNL104C,LEU4,619,3
YNL108C,,270,1
YNL112W,DBP2,546,1
YNL116W,DMA2,522,1
YNL118C,DCP2,970,1
YNL121C,TOM70,617,2
YNL123W,NMA111,997,1
YNL131W,TOM22,152,1
YNL132W,KRE33,1056,1
YNL134C,,376,1
YNL135C,FPR1,114,1
YNL138W,SRV2,526,4
YNL157W,IGO1,168,1
YNL161W,CBK1,756,1
YNL162W,RPL42A,106,1
YNL163C,RIA1,1110,1
YNL166C,BNI5,448,1
YNL169C,PSD1,500,1
YNL173C,MDG1,366,1
YNL175C,NOP13,403,1
YNL178W,RPS3,240,4
YNL189W,SRP1,542,2
YNL190W,,204,3
YNL197C,WHI3,661,4
YNL207W,RIO2,425,1
YNL216W,RAP1,827,1
YNL220W,ADE12,433,3
YNL229C,URE2,354,1
YNL231C,PDR16,351,1
YNL239W,LAP3,454,2
YNL241C,ZWF1,505,2
YNL243W,SLA2,968,1
YNL246W,VPS75,264,1
YNL247W,,767,3
YNL262W,POL2,2222,1
YNL278W,CAF120,1060,1
YNL281W,HCH1,153,1
YNL287W,SEC21,935,2
YNL289W,PCL1,279,2
YNL292W,PUS4,403,2
YNL300W,TOS6,102,1
YNL301C,RPL18B,186,1
YNL302C,RPS19B,144,1
YNL307C,MCK1,375,1
YNL309W,STB1,420,1
YNL310C,ZIM17,174,1
YNL321W,VNX1,908,1
YNL322C,KRE1,313,3
YNL327W,EGT2,1041,1
YNR001C,CIT1,479,1
YNR013C,PHO91,894,2
YNR015W,SMM1,384,1
YNR016C,ACC1,2233,6
YNR018W,RCF2,224,2
YNR021W,,404,2
YNR026C,SEC12,471,2
YNR029C,,429,1
YNR035C,ARC35,342,2
YNR043W,MVD1,396,3
YNR044W,AGA1,725,1
YNR046W,TRM112,135,1
YNR047W,FPK1,893,1
YNR049C,MSO1,210,1
YNR051C,BRE5,515,1
YNR067C,DSE4,1117,1
YOL004W,SIN3,1536,5
YOL006C,TOP1,769,1
YOL007C,CSI2,341,1
YOL012C,HTZ1,134,1
YOL019W,,551,3
YOL021C,DIS3,1001,1
YOL027C,MDM38,573,2
YOL028C,YAP7,245,1
YOL030W,GAS5,484,2
YOL038W,PRE6,254,1
YOL039W,RPP2A,106,2
YOL040C,RPS15,142,1
YOL041C,NOP12,459,1
YOL045W,PSK2,1101,1
YOL051W,GAL11,1081,3
YOL052C,SPE2,396,1
YOL057W,,711,1
YOL058W,ARG1,420,1
YOL059W,GPD2,440,1
YOL060C,MAM3,706,1
YOL061W,PRS5,496,3
YOL071W,SDH5,162,1
YOL077C,BRX1,291,1
YOL086C,ADH1,348,4
YOL088C,MPD2,277,1
YOL092W,YPQ1,308,2
YOL097C,WRS1,432,1
YOL109W,ZEO1,113,1
YOL111C,MDY2,212,1
YOL120C,RPL18A,186,1
YOL121C,RPS19A,144,1
YOL123W,HRP1,534,2
YOL124C,TRM11,433,1
YOL126C,MDH2,377,1
YOL127W,RPL25,142,1
YOL135C,MED7,222,1
YOL139C,CDC33,213,3
YOL149W,DCP1,231,1
YOL152W,FRE7,620,1
YOR007C,SGT2,346,1
YOR016C,ERP4,207,1
YOR020C,HSP10,106,1
YOR021C,SFM1,213,1
YOR023C,AHC1,566,2
YOR027W,STI1,589,3
YOR038C,HIR2,875,1
YOR042W,CUE5,411,1
YOR043W,WHI2,486,1
YOR046C,DBP5,482,1
YOR048C,RAT1,1006,2
YOR056C,NOB1,459,1
YOR063W,RPL3,387,4
YOR065W,CYT1,309,1
YOR066W,MSA1,629,1
YOR070C,GYP1,637,1
YOR074C,CDC21,304,1
YOR081C,TGL5,749,1
YOR085W,OST3,350,1
YOR086C,TCB1,1186,1
YOR089C,VPS21,210,1
YOR091W,TMA46,345,1
YOR096W,RPS7A,190,1
YOR098C,NUP1,1076,1
YOR099W,KTR1,393,1
YOR108W,LEU9,604,1
YOR109W,INP53,1107,1
YOR112W,CEX1,761,1
YOR117W,RPT5,434,1
YOR122C,PFY1,126,1
YOR123C,LEO1,464,1
YOR124C,UBP2,1272,1
YOR128C,ADE2,571,1
YOR136W,IDH2,369,3
YOR142W,LSC1,329,1
YOR151C,RPB2,1224,3
YOR153W,PDR5,1511,7
YOR157C,PUP1,261,1
YOR165W,SEY1,776,2
YOR168W,GLN4,809,1
YOR176W,HEM15,393,2
YOR181W,LAS17,633,3
YOR182C,RPS30B,63,1
YOR184W,SER1,395,1
YOR185C,GSP2,220,1
YOR187W,TUF1,437,2
YOR188W,MSB1,1137,1
YOR196C,LIP5,414,1
YOR197W,MCA1,432,1
YOR198C,BFR1,470,2
YOR204W,DED1,604,3
YOR206W,NOC2,710,1
YOR207C,RET1,1149,1
YOR209C,NPT1,429,1
YOR212W,STE4,423,1
YOR217W,RFC1,861,1
YOR224C,RPB8,146,2
YOR230W,WTM1,437,1
YOR233W,KIN4,800,1
YOR234C,RPL33B,107,1
YOR239W,ABP140,628,1
YOR247W,SRL1,210,2
YOR251C,TUM1,304,1
YOR259C,RPT4,437,1
YOR260W,GCD1,578,1
YOR264W,DSE3,430,1
YOR267C,HRK1,759,1
YOR270C,VPH1,840,3
YOR271C,FSF1,327,2
YOR272W,YTM1,460,2
YOR276W,CAF20,161,1
YOR285W,RDL1,139,1
YOR293W,RPS10A,105,1
YOR294W,RRS1,203,2
YOR303W,CPA1,411,1
YOR310C,NOP58,511,1
YOR311C,DGK1,290,1
YOR312C,RPL20B,172,1
YOR317W,FAA1,700,1
YOR323C,PRO2,456,3
YOR326W,MYO2,1574,1
YOR329C,SCD5,872,1
YOR332W,VMA4,233,2
YOR335C,ALA1,958,2
YOR340C,RPA43,326,1
YOR341W,RPA190,1664,5
YOR344C,TYE7,291,1
YOR361C,PRT1,763,1
YOR362C,PRE10,288,2
YOR367W,SCP1,200,1
YOR369C,RPS12,143,1
YOR371C,GPB1,897,1
YOR373W,NUD1,851,1
YOR374W,ALD4,519,2
YOR375C,GDH1,454,4
YOR383C,FIT3,204,1
YPL004C,LSP1,341,1
YPL009C,RQC2,1038,1
YPL013C,MRPS16,121,1
YPL016W,SWI1,1314,1
YPL019C,VTC3,835,1
YPL028W,ERG10,398,2
YPL030W,TRM44,567,1
YPL032C,SVL3,825,2
YPL037C,EGD1,157,2
YPL043W,NOP4,685,3
YPL048W,CAM1,415,3
YPL049C,DIG1,452,1
YPL055C,LGE1,332,1
YPL061W,ALD6,500,3
YPL063W,TIM50,476,1
YPL078C,ATP4,244,1
YPL079W,RPL21B,160,3
YPL081W,RPS9A,197,1
YPL084W,BRO1,844,1
YPL085W,SEC16,2195,6
YPL086C,ELP3,557,1
YPL090C,RPS6A,236,1
YPL093W,NOG1,647,2
YPL094C,SEC62,274,1
YPL098C,MGR2,113,1
YPL101W,ELP4,456,2
YPL105C,SYH1,849,1
YPL106C,SSE1,693,8
YPL122C,TFB2,513,1
YPL127C,HHO1,258,1
YPL131W,RPL5,297,4
YPL135W,ISU1,165,1
YPL143W,RPL33A,107,1
YPL145C,KES1,434,2
YPL158C,AIM44,758,2
YPL159C,PET20,253,1
YPL160W,CDC60,1090,4
YPL163C,SVS1,260,3
YPL170W,DAP1,152,1
YPL177C,CUP9,306,1
YPL183C,RTT10,1013,1
YPL190C,NAB3,802,1
YPL198W,RPL7B,244,2
YPL203W,TPK2,380,1
YPL210C,SRP72,640,1
YPL211W,NIP7,181,1
YPL212C,PUS1,544,1
YPL215W,CBP3,335,1
YPL218W,SAR1,190,1
YPL226W,NEW1,1196,3
YPL228W,CET1,549,1
YPL231W,FAS2,1887,11
YPL232W,SSO1,290,1
YPL240C,HSP82,709,1
YPL243W,SRP68,599,1
YPL249C-A,RPL36B,100,1
YPL252C,YAH1,172,1
YPL256C,CLN2,545,1
YPL260W,,551,1
YPL262W,FUM1,488,1
YPL265W,DIP5,608,1
YPL266W,DIM1,318,1
YPL270W,MDL2,773,1
YPR004C,AIM45,344,1
YPR010C,RPA135,1203,6
YPR011C,,326,1
YPR016C,TIF6,245,1
YPR019W,MCM4,933,1
YPR024W,YME1,747,2
YPR029C,APL4,832,1
YPR035W,GLN1,370,2
YPR036W,VMA13,478,2
YPR041W,TIF5,405,2
YPR043W,RPL43A,92,1
YPR060C,ARO7,256,1
YPR063C,,140,2
YPR065W,ROX1,368,2
YPR069C,SPE3,293,1
YPR074C,TKL1,680,5
YPR091C,,770,1
YPR097W,,1073,2
YPR098C,,161,1
YPR102C,RPL11A,174,1
YPR103W,PRE2,287,1
YPR110C,RPC40,335,3
YPR112C,MRD1,887,1
YPR114W,,315,1
YPR125W,YLH47,454,1
YPR129W,SCD6,349,2
YPR137W,RRP9,573,1
YPR145W,ASN1,572,4
YPR148C,,435,1
YPR154W,PIN3,215,1
YPR159W,KRE6,720,2
YPR163C,TIF3,436,1
YPR169W,JIP5,492,1
YPR170W-B,,85,1
YPR171W,BSP1,576,1
YPR172W,,200,1
YPR180W,AOS1,347,1
YPR181C,SEC23,768,6
YPR183W,DPM1,267,4
YPR190C,RPC82,654,1
YPR191W,QCR2,368,5
